ncd_2001,gdd_2001,SOS_2001,ncd_2002,gdd_2002,SOS_2002,ncd_2003,gdd_2003,SOS_2003,ncd_2004,gdd_2004,SOS_2004,ncd_2005,gdd_2005,SOS_2005,ncd_2006,gdd_2006,SOS_2006,ncd_2007,gdd_2007,SOS_2007,ncd_2008,gdd_2008,SOS_2008,ncd_2009,gdd_2009,SOS_2009,ncd_2010,gdd_2010,SOS_2010,ncd_2011,gdd_2011,SOS_2011,ncd_2012,gdd_2012,SOS_2012,ncd_2013,gdd_2013,SOS_2013,ncd_2014,gdd_2014,SOS_2014,ncd_2015,gdd_2015,SOS_2015,ncd_2016,gdd_2016,SOS_2016,ncd_2017,gdd_2017,SOS_2017,ncd_2018,gdd_2018,SOS_2018,ncd_2019,gdd_2019,SOS_2019,ncd_2020,gdd_2020,SOS_2020,ncd_2021,gdd_2021,SOS_2021,ncd_2022,gdd_2022,SOS_2022,ncd_2023,gdd_2023,SOS_2023,ncd_2024,gdd_2024,SOS_2024
153,147.59000069461763,111.0,121,273.1750006377697,107.0,148,238.65999837964773,116.0,143,134.40500091481954,104.0,145,252.53499768301845,119.0,132,266.1500003747642,109.0,136,271.5049987891689,118.0,149,141.91500083450228,106.0,135,131.12000059336424,96.0,129,255.6149991992861,102.0,155,145.08499956130981,112.0,126,270.38000002503395,100.0,154,171.29499755054712,110.0,150,199.09000011347234,116.0,152,131.60999966133386,107.0,124,320.5049993470311,116.0,128,269.31499882787466,103.0,157,194.72000016085804,116.0,145,61.979999635368586,91.0,152,273.3699993900955,118.0,135,276.44500092417,111.0,144,295.64500122889876,117.0,132,325.9950017724186,109.0,123,369.3800027873367,113.0
152,214.86499976739287,115.0,123,371.63500157929957,117.0,146,272.34000008367,117.0,141,224.00000099278986,110.0,140,247.50500086694956,113.0,129,334.12499955296516,113.0,130,252.99500061944127,114.0,150,232.98500050976872,111.0,137,161.9200012423098,101.0,124,272.7049992661923,101.0,150,212.460001796484,115.0,125,354.99499954096973,106.0,150,193.34499914757907,111.0,148,153.90499814599752,108.0,149,159.67500024661422,109.0,121,316.36500039696693,113.0,123,338.07500074151903,108.0,156,215.88500066287816,117.0,148,170.66499865800142,104.0,144,262.96499913185835,110.0,130,294.1500016376376,111.0,138,333.1449995106086,119.0,133,327.94500093348324,107.0,123,392.5499997064471,113.0
153,185.67500055208802,114.0,128,365.73499981686473,121.0,150,317.36999787017703,123.0,144,228.4100005030632,112.0,142,220.21499892883003,113.0,132,291.28499906975776,112.0,138,278.74499831721187,120.0,150,137.13499818183482,106.0,136,136.86000023782253,99.0,130,263.58999863639474,102.0,155,221.92500039935112,118.0,130,340.46000066399574,108.0,156,191.9949982613325,114.0,152,212.51499970257282,119.0,150,130.27999942563474,107.0,128,355.26000179350376,122.0,128,465.26499848626554,120.0,157,198.35999886505306,117.0,151,174.755001232028,107.0,153,335.33499983139336,126.0,135,328.11000129021704,118.0,144,257.55000030528754,113.0,131,258.0500010624528,103.0,128,341.0799986310303,111.0
150,187.554999679327,111.0,115,405.57000003010035,117.0,139,274.18499950133264,115.0,134,200.52500078827143,107.0,135,294.76499898545444,115.0,129,388.99499925225973,116.0,133,292.68500123918056,116.0,147,308.23000072315335,115.0,129,159.2100017722696,94.0,117,347.2700000498444,105.0,145,201.97000033780932,112.0,116,335.63500095903873,100.0,144,186.4500000970438,107.0,146,296.44499740563333,123.0,146,124.28999917581677,104.0,115,390.8300004238263,117.0,120,415.53500174731016,112.0,152,221.1099999807775,115.0,145,194.43999850191176,104.0,147,347.19999884814024,119.0,127,315.89500161632895,110.0,133,258.8299982883036,108.0,128,344.609998899512,105.0,119,398.66000104881823,111.0
153,168.09000006318092,112.0,130,354.88999847881496,120.0,150,279.57500223070383,119.0,144,262.24000024050474,116.0,143,233.61000022105873,114.0,132,332.04999925289303,118.0,137,272.67999940365553,118.0,150,234.10000000707805,114.0,140,154.14499928802252,106.0,138,290.4599994085729,109.0,156,153.4950014129281,113.0,126,260.9449973255396,99.0,151,130.3949999883771,105.0,151,178.27499924972653,113.0,149,145.15000262856483,108.0,125,327.3349998742342,117.0,128,338.6900011766702,109.0,157,199.34500055387616,117.0,149,156.38500124774873,104.0,143,230.20000095665455,106.0,134,273.7899989634752,111.0,143,212.34000017493963,109.0,131,291.2300006598234,105.0,122,262.90999884996563,102.0
151,172.30499970912933,112.0,121,314.3699988424778,109.0,149,282.1899982560426,119.0,145,232.87499936670065,112.0,141,231.48000234737992,113.0,131,239.68499945104122,106.0,137,230.87499874457717,113.0,149,192.38000101037323,110.0,132,134.03499926626682,96.0,129,248.3700000271201,99.0,154,194.52499961666763,115.0,128,298.4800028651953,104.0,152,172.67000083252788,109.0,149,177.41500020679086,112.0,148,147.75999919325113,108.0,126,342.24000061675906,118.0,127,299.27999954111874,105.0,157,169.82499926164746,113.0,151,171.52500107884407,106.0,152,289.4250003024936,119.0,132,248.39499825797975,105.0,143,279.179998325184,114.0,132,211.58000008389354,100.0,128,317.4000008478761,107.0
151,136.43999973125756,108.0,121,319.7300018668175,109.0,145,186.99000051338226,106.0,144,225.43000007793307,111.0,140,239.10500096529722,113.0,130,283.75500246323645,109.0,136,235.3699998445809,112.0,147,133.16000071261078,103.0,136,143.31999909877777,99.0,126,143.0150006217882,91.0,152,220.3699990939349,116.0,125,285.1649994403124,101.0,152,182.89999993145466,110.0,148,132.37500023655593,105.0,148,159.67499894835055,109.0,121,303.6249975040555,113.0,126,337.18499870970845,108.0,157,186.54000064823776,114.0,149,216.17499872669578,109.0,148,275.8600002042949,115.0,131,265.8850000426173,106.0,143,286.6800017878413,114.0,132,320.74000071547925,108.0,123,352.68000170588493,109.0
149,200.11999965179712,112.0,123,366.11500127613544,115.0,136,123.46000058762729,92.0,138,228.69500088505447,110.0,136,189.8499988047406,105.0,129,336.88500089757144,112.0,129,188.58000124245882,105.0,148,203.81000155210495,109.0,129,126.15499985776842,91.0,121,269.9399984301999,101.0,151,173.43999996967614,111.0,121,300.9450031518936,99.0,147,164.42499970644712,106.0,149,190.63000033423305,112.0,146,159.3399987258017,108.0,117,310.62500057742,112.0,125,346.33500017691404,107.0,155,199.35499949380755,114.0,148,185.7250012010336,106.0,138,256.2550000073388,103.0,126,281.07500095665455,106.0,143,322.83500163815916,117.0,132,339.0699974503368,108.0,118,307.3499998357147,103.0
145,131.98999990522861,102.0,121,352.3749999329448,113.0,145,256.2349989730865,113.0,141,262.96000100672245,113.0,139,261.43500192835927,114.0,129,321.15000105649233,111.0,131,287.9349990412593,116.0,147,231.06500009261072,111.0,140,210.31499984208494,109.0,121,191.53999876230955,94.0,151,169.54500003624707,110.0,120,302.1599994562566,99.0,150,217.36999809741974,113.0,149,225.09000050276518,117.0,147,72.72500000149012,99.0,117,266.4600025564432,108.0,125,390.58999865688384,111.0,156,200.28000069223344,114.0,147,155.37499894201756,102.0,144,269.5700003085658,110.0,129,228.610001437366,100.0,137,254.82500088214874,111.0,132,326.7649989426136,107.0,118,347.89999804086983,107.0
146,142.00499975681305,104.0,121,338.03000012785196,113.0,147,246.6499992199242,113.0,140,131.31999951601028,100.0,139,245.19999983161688,112.0,130,319.18000164814293,112.0,130,252.70499989949167,113.0,147,260.7850004537031,114.0,143,206.74499981105328,110.0,121,75.37999990582466,79.0,154,249.3199986424297,118.0,123,325.5400001872331,105.0,149,211.92999860271811,113.0,150,234.24000111967325,119.0,149,123.57999923080206,105.0,121,340.99999914318323,116.0,125,393.73499850928783,112.0,156,204.64499991945922,115.0,149,193.1700004041195,107.0,148,312.465001180768,119.0,131,266.8750003883615,106.0,141,315.7400002218783,118.0,131,371.1599991209805,111.0,120,279.7699992535636,101.0
151,173.7850003093481,111.0,123,323.33999932557344,111.0,147,280.0749989170581,117.0,144,195.43499962985516,109.0,139,234.6049999417737,111.0,130,313.6349983299151,112.0,132,246.9649977274239,113.0,146,144.23499800730497,104.0,139,145.63499935064465,100.0,130,245.6249987706542,100.0,154,253.9600009545684,119.0,121,294.8199993148446,100.0,147,189.0150004234165,109.0,149,189.3799995528534,113.0,149,121.47500118613243,105.0,121,326.3950006365776,115.0,125,360.16500217467546,109.0,156,171.17499970458448,111.0,149,175.40999923087656,106.0,143,244.78500041365623,107.0,130,188.25500103272498,98.0,140,272.66000032331795,113.0,132,290.09000001475215,104.0,120,354.35500064864755,109.0
152,200.6049997806549,114.0,121,300.8850014768541,108.0,144,169.6749996226281,104.0,140,123.02499958872795,100.0,144,241.52000027149916,115.0,131,284.80999826360494,110.0,135,193.85999999940395,109.0,147,188.33000038098544,109.0,143,197.89499956555665,110.0,129,233.12499798089266,99.0,154,163.24999979976565,113.0,126,282.27499870210886,101.0,150,200.49999875202775,113.0,151,179.91499823331833,113.0,152,162.2050015628338,110.0,125,294.72500148415565,113.0,128,323.2849979568273,107.0,156,169.68500073160976,112.0,142,65.33500084280968,89.0,148,256.78499979525805,114.0,132,281.84000073745847,109.0,142,294.8999986536801,115.0,135,354.77999943494797,111.0,121,325.9250002987683,107.0
153,190.26499837636948,114.0,123,295.36999753303826,110.0,151,344.7399956434965,125.0,145,203.84500320255756,111.0,145,231.70999857969582,115.0,131,203.31500047445297,103.0,139,237.95500111207366,115.0,149,259.6600020080805,115.0,144,186.62500050663948,111.0,131,90.18999987840652,88.0,156,218.25499987602234,117.0,127,327.10499927867204,107.0,147,174.2799995150417,108.0,153,205.18999987840652,118.0,152,151.1149994134903,109.0,125,324.8550003543496,118.0,128,356.69500322826207,111.0,157,173.6900020148605,113.0,151,257.36499880999327,115.0,152,262.0700005646795,117.0,133,248.54000012483448,106.0,142,292.55000111460686,118.0,137,349.56999849155545,114.0,121,340.4100007051602,110.0
154,171.65000021085143,115.0,127,294.1400023177266,113.0,149,148.08000010252,105.0,147,225.634999435395,115.0,147,236.35000111348927,118.0,138,298.1399980559945,118.0,144,223.38999807275832,118.0,153,240.27499946951866,114.0,140,107.00000016391277,97.0,132,245.62500124797225,102.0,157,140.3749985843897,113.0,129,317.7799974679947,108.0,155,170.35499687772244,114.0,160,179.46500012278557,120.0,151,115.2950002644211,109.0,132,276.26500099524856,116.0,139,257.76499938964844,109.0,163,135.1749990284443,113.0,149,157.4850004464388,108.0,161,215.0699999993667,119.0,139,249.70000003371388,115.0,149,227.1999977901578,115.0,142,286.7549980431795,111.0,140,237.825000484474,106.0
153,206.00499968230724,116.0,130,351.48499811440706,118.0,132,41.415000170469284,80.0,145,254.729998588562,115.0,144,274.4700003825128,120.0,133,331.3899990376085,118.0,140,230.62499924562871,116.0,152,146.1000001654029,105.0,142,192.13499890547246,109.0,128,178.00999868661165,93.0,150,238.44999932684004,117.0,127,353.8400014555082,108.0,151,169.57499970123172,110.0,157,189.200000802055,117.0,150,130.514998909086,109.0,126,344.2449987977743,121.0,133,376.6150002172217,116.0,158,136.27499905973673,109.0,148,122.93499878048897,101.0,156,251.1099994033575,117.0,134,270.72500087320805,113.0,138,200.47000111546367,106.0,135,292.99500185158104,108.0,132,217.65000050514936,100.0
149,113.26999953761697,103.0,120,237.70500029157847,104.0,144,190.7349988333881,108.0,139,221.12000000476837,110.0,137,205.20999934524298,108.0,132,267.7799999602139,108.0,138,236.29000050388277,115.0,148,151.27999987453222,103.0,141,185.30499869585037,106.0,125,256.73000014945865,97.0,145,138.75999930128455,104.0,124,299.7199988309294,100.0,150,188.27499933168292,111.0,153,169.3549999492243,111.0,148,140.86500003933907,109.0,120,302.51999855972826,112.0,129,310.33500042930245,108.0,151,141.5700001195073,104.0,149,239.6249997522682,110.0,148,254.64000077545643,112.0,129,225.805000372231,102.0,138,239.8400007635355,111.0,132,204.07500179763883,99.0,129,266.59500010311604,103.0
154,140.72000086307526,111.0,124,316.83500040788203,111.0,150,273.78500033915043,119.0,143,158.7800001949072,107.0,143,235.68499883636832,114.0,133,215.32999918609858,104.0,140,228.62499976716936,116.0,149,99.9700002996251,99.0,142,148.31500116363168,104.0,126,209.0500009842217,95.0,151,165.28499918431044,113.0,127,285.54500259272754,102.0,155,186.66999953985214,113.0,157,216.44999934732914,121.0,149,139.8299998342991,109.0,126,303.5199993485585,115.0,132,335.6449994780123,113.0,160,148.03500114381313,112.0,150,194.9899998381734,109.0,157,252.8749996284023,119.0,130,216.0199994277209,103.0,145,200.68000093102455,110.0,137,279.29499945789576,108.0,136,273.9050001092255,107.0
154,78.88499988615513,106.0,129,237.08499903976917,107.0,156,237.07999999821186,120.0,147,106.72999906539917,102.0,146,146.4800004772842,106.0,138,237.88499965704978,112.0,145,217.58000206761062,119.0,154,221.14500054344535,114.0,139,101.13500037230551,94.0,138,269.69999910891056,109.0,153,189.90999970585108,116.0,133,278.48499888554215,108.0,159,147.88500007241964,115.0,163,168.81999924778938,117.0,156,101.22999903559685,111.0,134,269.9649984315038,119.0,143,221.68999963067472,109.0,164,152.88999859802425,118.0,151,126.02000167965889,106.0,164,217.64999961853027,120.0,140,207.22500061430037,111.0,152,214.0699977427721,116.0,138,253.98000133037567,110.0,146,222.89999927580357,111.0
153,104.37000036239624,108.0,127,290.88500070758164,108.0,151,236.25000159442425,117.0,138,202.85000006854534,110.0,144,243.4350010305643,115.0,133,256.46000222861767,109.0,140,169.64999964088202,110.0,152,155.38000050373375,107.0,138,129.25999896693975,97.0,125,198.0050010085106,95.0,149,174.54500047117472,112.0,125,280.9850011765957,103.0,151,147.06500082463026,108.0,154,135.66499942913651,108.0,148,98.89000028371811,107.0,121,319.46000054106116,117.0,135,214.80500038713217,104.0,162,166.224999088794,116.0,146,74.14999971538782,96.0,156,287.3550001429394,122.0,133,238.2000003233552,110.0,144,254.77499664295465,114.0,133,201.4249990284443,102.0,131,280.69999992474914,109.0
157,123.60999988019466,112.0,130,265.8550016861409,109.0,154,240.06500163301826,120.0,148,166.56999988853931,109.0,147,233.11000051628798,117.0,137,213.19999912008643,109.0,144,176.98999960161746,115.0,153,128.26500012539327,107.0,133,46.23499940894544,82.0,133,184.5249992609024,96.0,150,116.009999550879,106.0,131,222.90000115334988,101.0,150,69.37000010162592,100.0,162,164.99500047415495,116.0,156,98.2449991852045,110.0,133,269.79499909467995,119.0,140,236.70499958191067,111.0,164,123.51499949861318,114.0,148,53.135000824928284,96.0,166,257.1199999637902,126.0,136,195.06499968096614,108.0,151,184.68500108271837,112.0,139,225.2499991208315,107.0,149,222.80499849841,112.0
157,102.42999867163599,111.0,131,267.2099999561906,110.0,155,166.42999920994043,112.0,150,171.65000258386135,110.0,148,205.2050007507205,114.0,137,178.07499998807907,106.0,146,142.47499951720238,111.0,155,136.3200008906424,108.0,149,123.25499985553324,105.0,133,197.1500016739592,97.0,153,112.95000114291906,108.0,136,228.41000078618526,104.0,160,129.13000158965588,113.0,162,171.34500205144286,119.0,159,97.87000077962875,112.0,134,235.7849991247058,115.0,145,219.8200001679361,110.0,164,98.6850003907457,111.0,152,202.9899984896183,114.0,166,235.35499938577414,123.0,138,185.76999925076962,107.0,153,207.08000004850328,116.0,137,179.8250007685274,103.0,153,212.35499980300665,113.0
157,102.63500101491809,111.0,128,218.37999980151653,106.0,153,168.75000066310167,112.0,148,144.12499979138374,108.0,146,206.3700008559972,113.0,137,181.80000085383654,106.0,144,156.93499986827374,112.0,156,121.60500137321651,107.0,149,116.52500032261014,104.0,135,235.6499994751066,105.0,155,121.54000080376863,111.0,135,221.0649992749095,103.0,161,117.55999865010381,112.0,161,159.31000038795173,117.0,155,96.02999912574887,110.0,135,247.86000152304769,116.0,142,203.58999996632338,108.0,164,102.74000031501055,111.0,152,172.01000042259693,111.0,165,173.97499909996986,115.0,138,181.61499990709126,107.0,154,182.08999881148338,111.0,139,223.92999905720353,107.0,147,185.8999992189929,107.0
153,148.47999998182058,111.0,129,326.58999981731176,114.0,156,231.11499894037843,119.0,141,227.58500163257122,113.0,142,226.01499895751476,113.0,136,259.6550008524209,109.0,140,238.85999816469848,116.0,151,206.7500018402934,110.0,135,98.70999882742763,90.0,133,240.11499974690378,100.0,146,72.44999973103404,98.0,126,353.7399988528341,108.0,153,165.1700022816658,110.0,150,106.44000001251698,105.0,148,116.01500106230378,107.0,124,322.8900005389005,119.0,128,323.2800004184246,111.0,159,185.8199997395277,117.0,150,216.72499980032444,110.0,156,233.96499972045422,114.0,137,263.0250007547438,112.0,141,219.73499803617597,109.0,133,284.47500162757933,106.0,124,306.36500186659396,106.0
152,96.62000081688166,107.0,124,164.86500039696693,100.0,147,110.81500085629523,102.0,142,138.53499936312437,105.0,142,134.37499897927046,101.0,132,191.84499906934798,102.0,141,136.66499983891845,107.0,154,151.59500030986965,107.0,141,129.9500000923872,100.0,128,126.06000071763992,91.0,144,106.71500052511692,100.0,119,222.46499897539616,93.0,152,134.4650010317564,107.0,148,169.44000009447336,111.0,150,99.614999149926,106.0,116,229.1549993827939,105.0,136,159.84500052779913,98.0,158,129.55499935150146,110.0,148,131.33999846875668,102.0,155,237.05500063300133,113.0,130,134.44500043988228,98.0,142,203.61500199139118,109.0,135,146.41500070504844,97.0,137,174.8450004691258,101.0
149,211.78499890863895,113.0,121,384.0550014600158,114.0,142,137.1750006210059,103.0,134,225.31000037677586,109.0,139,170.45999965257943,104.0,105,55.7999994084239,60.0,135,256.5649984488264,114.0,148,124.14000017940998,100.0,135,149.1999993287027,98.0,120,264.0549965687096,101.0,143,126.37999867647886,100.0,119,374.3950001336634,107.0,141,64.79499994777143,91.0,147,169.3249990399927,108.0,146,62.64999988581985,100.0,108,254.6499998047948,103.0,126,156.53000111225992,92.0,158,175.2599993571639,113.0,144,283.24500247836113,112.0,146,278.5499995574355,110.0,128,260.46000101417303,110.0,136,300.4199992418289,115.0,131,281.88500027544796,104.0,131,266.7000011000782,105.0
154,80.2200009226799,108.0,136,309.36999943852425,120.0,150,135.12499981746078,106.0,147,214.3299993723631,114.0,147,223.9500015862286,115.0,136,245.61499891616404,112.0,144,176.34499921649694,113.0,153,101.74499985203147,103.0,138,90.67000098899007,93.0,131,202.325001090765,99.0,150,111.42499931156635,106.0,131,282.3149987179786,108.0,155,85.8500005453825,104.0,155,146.5350012294948,112.0,153,40.54500013589859,101.0,134,297.1799997128546,120.0,140,123.914998203516,98.0,164,135.51999933831394,115.0,151,117.69000086653978,104.0,165,263.6299992017448,125.0,139,186.73000146076083,108.0,152,221.6549992710352,116.0,141,257.11500050127506,110.0,149,219.73500013537705,113.0
159,135.11499942466617,115.0,146,324.1049985056743,126.0,156,214.57000144571066,119.0,150,191.91999855730683,114.0,149,192.36499905772507,113.0,139,152.51499888673425,104.0,146,157.86499895900488,114.0,156,123.3850008174777,108.0,150,101.5900013288483,104.0,138,199.25500065088272,102.0,158,85.93999947607517,108.0,137,248.86500328499824,109.0,165,118.47499947622418,114.0,161,139.5600009104237,115.0,162,90.2749997228384,113.0,141,248.66000008769333,122.0,143,153.37499816715717,104.0,169,131.1050000488758,119.0,158,202.5949998050928,118.0,168,208.4799990952015,123.0,139,156.17500007897615,105.0,161,201.31999668478966,120.0,144,264.9450016319752,116.0,151,178.70499954372644,111.0
162,177.98500043526292,121.0,147,277.29000044614077,123.0,155,149.76000053063035,113.0,152,161.6499998420477,112.0,158,218.40499852318317,120.0,145,201.33999821171165,112.0,149,181.3199987858534,119.0,158,230.17499928548932,120.0,139,57.70999976992607,90.0,147,208.87500077299774,109.0,160,97.8799998126924,112.0,137,262.5500000100583,111.0,167,145.74499964434654,120.0,164,128.9200009033084,115.0,155,73.59000107645988,107.0,145,252.50999871175736,125.0,147,205.10499993525445,111.0,169,169.45500018447638,122.0,156,100.50000083819032,107.0,175,207.87999893445522,130.0,147,192.9899994879961,116.0,155,186.15999924764037,115.0,146,254.74499720241874,116.0,137,74.29500006418675,83.0
150,98.7900004349649,105.0,125,169.85500046797097,100.0,149,196.02499992400408,111.0,138,134.2250005826354,102.0,143,192.21000030171126,108.0,133,177.0800000373274,101.0,139,142.85499911103398,104.0,152,147.8299990016967,106.0,134,118.27999956347048,92.0,124,213.55499875731766,96.0,143,72.61500022374094,97.0,123,250.00500024855137,98.0,153,134.30500085186213,106.0,152,132.03000090271235,106.0,151,45.52000030875206,101.0,120,255.63499816972762,109.0,136,182.95000128541142,100.0,161,133.28499968349934,111.0,148,116.02999931573868,101.0,155,231.2149990228936,113.0,130,229.89999915007502,107.0,139,276.34499975666404,114.0,132,204.5099995136261,101.0,133,263.4650015793741,106.0
153,197.69999839831144,118.0,133,398.88499885983765,124.0,146,322.4100001808256,122.0,138,148.44000068027526,104.0,142,164.4499999731779,105.0,134,355.39500079955906,121.0,143,297.7699997276068,122.0,154,312.3700011521578,119.0,143,200.5200004056096,108.0,125,363.31500130612403,114.0,147,276.0649993401021,119.0,125,362.62499901559204,109.0,154,201.09999945014715,113.0,150,225.02499969583005,119.0,153,150.01499998569489,113.0,120,383.8149987012148,123.0,130,400.96999808959663,118.0,157,200.55000126827508,118.0,145,93.17999998293817,97.0,157,332.02500019595027,125.0,130,244.66499749571085,109.0,140,304.21499938704073,118.0,132,363.9500020816922,113.0,136,310.05499917268753,113.0
150,142.35499899834394,109.0,122,384.04499922692776,115.0,138,108.06499927584082,96.0,136,247.6349989324808,111.0,139,230.49499912559986,109.0,132,344.9750001914799,114.0,136,247.4449982959777,113.0,150,229.72499864548445,110.0,141,248.21500090509653,112.0,119,297.7799971103668,104.0,142,99.32999960333109,98.0,120,340.22500046156347,105.0,149,203.78000136092305,111.0,147,221.21000010240823,115.0,147,137.555001065135,108.0,112,401.0450001768768,119.0,130,358.91499857604504,113.0,156,239.93500056304038,120.0,145,252.9800012856722,110.0,149,392.7600002102554,125.0,126,277.2600001692772,110.0,132,322.58000150322914,114.0,128,365.9849997293204,110.0,127,330.11999935656786,109.0
149,219.25000058766454,114.0,124,398.3099998086691,118.0,145,264.45499954000115,117.0,134,263.62500102072954,112.0,139,201.86999827623367,107.0,133,368.5649980343878,117.0,136,262.44500023592263,115.0,150,214.865000477992,109.0,137,158.0699996650219,99.0,120,240.9100004248321,97.0,145,197.4749983418733,111.0,120,316.23000094573945,103.0,150,206.92000210937113,112.0,148,239.84000055491924,118.0,148,144.7649982497096,109.0,112,310.36999913305044,110.0,128,261.6200002133846,104.0,158,194.6400015130639,115.0,145,201.2750015258789,106.0,149,297.84999887645245,115.0,128,290.5750002935529,113.0,131,328.05499889701605,115.0,130,339.0000000819564,108.0,128,344.8349991850555,112.0
149,140.62000107951462,108.0,124,383.7449969947338,115.0,142,116.4849999062717,100.0,134,223.2300009690225,109.0,138,159.06500060856342,102.0,127,172.22500130720437,93.0,135,194.90000011958182,109.0,140,70.97000028938055,87.0,136,152.80000072345138,98.0,120,181.16000061109662,93.0,142,134.9099992159754,101.0,120,416.09000125713646,111.0,151,206.09500144049525,112.0,146,191.97500258684158,111.0,148,105.07499889284372,105.0,112,395.6699999682605,118.0,127,145.86500013433397,91.0,158,184.73499991744757,114.0,145,131.71999952942133,99.0,142,267.6450000703335,107.0,127,266.604999601841,109.0,132,292.5499994754791,112.0,130,260.6650008112192,102.0,129,313.0550001859665,107.0
149,129.96000036597252,107.0,120,275.11499993503094,105.0,145,222.00000003539026,113.0,135,284.9100029245019,115.0,140,154.7350009791553,102.0,125,120.8950003683567,87.0,138,230.27999976463616,112.0,150,161.3999996902421,105.0,141,192.21500032953918,106.0,120,253.98500084131956,99.0,145,153.64499962329865,105.0,121,327.63499961886555,105.0,152,210.44000012800097,113.0,148,152.59499987959862,107.0,149,138.33500020205975,109.0,116,384.63500055484474,118.0,132,269.340000256896,105.0,157,213.6849994007498,118.0,145,202.16499796696007,107.0,152,383.07999993115664,126.0,127,262.8249999433756,109.0,134,278.32499997410923,111.0,131,353.38999836705625,110.0,128,305.05500117503107,107.0
153,146.6100009828806,111.0,126,282.58999920263886,107.0,151,241.6550005991012,117.0,141,243.07999927178025,113.0,140,218.6950005851686,110.0,125,142.15500037372112,91.0,132,147.6500002220273,101.0,152,214.85999904479831,110.0,142,238.30999958328903,112.0,122,286.745001077652,102.0,146,173.3450010716915,109.0,122,301.5800023647025,102.0,152,177.61499950289726,110.0,152,197.2749977298081,115.0,147,123.09500052779913,108.0,120,302.43499986082315,113.0,127,262.79499963857234,105.0,160,172.3900015503168,114.0,140,65.61500047892332,88.0,152,259.32500226888806,115.0,129,244.52499898523092,107.0,137,282.54500041902065,114.0,133,275.4850003933534,104.0,123,337.430001151748,110.0
154,119.67500019818544,110.0,127,299.2699994519353,109.0,149,144.81499995756894,105.0,144,232.28000037372112,113.0,141,210.91500067152083,110.0,135,208.33499838411808,104.0,141,241.24500048346817,117.0,152,193.10500119067729,109.0,144,201.71999971568584,108.0,123,242.18000063300133,97.0,149,179.60999995842576,112.0,122,262.3249977976084,97.0,151,138.08500092010945,106.0,151,172.19000023882836,112.0,148,78.06500073894858,104.0,122,270.9550021402538,111.0,132,219.3100010836497,103.0,160,179.30999853089452,116.0,149,233.70499922707677,111.0,153,227.38000138103962,112.0,135,246.20499988272786,111.0,140,269.6650014296174,114.0,134,265.064999348484,104.0,124,245.1250001490116,101.0
153,110.02499930560589,108.0,126,301.73000014573336,109.0,154,200.24000089615583,114.0,144,199.33500101417303,110.0,142,228.3350005177781,113.0,135,303.52999935671687,115.0,138,248.54499994963408,117.0,152,153.85000098869205,106.0,142,202.72999950498343,108.0,123,181.5999987050891,93.0,146,165.79000037163496,109.0,121,281.90000169724226,99.0,152,165.3749999180436,108.0,148,116.71500060334802,103.0,148,79.86999823804945,104.0,122,290.26500080525875,113.0,133,213.52500050421804,101.0,160,155.47999945934862,113.0,144,113.13499993085861,98.0,155,251.04499950446188,116.0,134,251.3350003780797,110.0,137,215.45499909482896,107.0,135,279.9449987318367,105.0,124,313.719998922199,108.0
153,190.95000071823597,112.0,121,291.5499994046986,106.0,146,187.8899983074516,108.0,134,267.34500040113926,113.0,139,265.514999166131,115.0,131,318.1849996931851,112.0,133,301.1350005567074,119.0,150,261.89999882876873,112.0,138,234.40500004589558,108.0,118,292.6349988207221,100.0,146,173.8550024703145,108.0,119,338.97499923221767,104.0,148,242.10500000044703,116.0,153,200.11000215262175,114.0,148,145.8749994263053,109.0,116,364.75499902665615,118.0,124,353.7650002464652,110.0,156,196.0799997150898,114.0,139,89.1599996285513,89.0,150,309.44500109553337,118.0,129,285.6849997220561,109.0,132,277.1200011782348,112.0,129,298.86999889463186,104.0,118,359.21999896038324,109.0
153,162.9550000578165,112.0,121,299.87999902665615,108.0,151,245.42499916255474,117.0,142,147.92500003799796,105.0,144,251.4049992337823,116.0,133,293.7950009983033,112.0,140,217.0899995388463,114.0,151,266.87499893829226,115.0,133,129.8699994534254,96.0,129,261.2699993867427,100.0,150,191.7450011484325,115.0,128,344.780000064522,107.0,155,198.59000104293227,115.0,152,127.64499993529171,107.0,149,145.36499923467636,109.0,125,306.5100004794076,115.0,131,359.5349999247119,114.0,159,179.73000328429043,115.0,148,183.49000051245093,108.0,155,275.25000098347664,120.0,134,248.58500047773123,108.0,144,279.71500050090253,117.0,134,291.35999777168036,108.0,131,306.9300004430115,109.0
154,127.75499968230724,110.0,120,271.2099981177598,107.0,152,226.35499923676252,116.0,144,228.39000003039837,112.0,142,223.16499896813184,113.0,133,228.83499939739704,106.0,140,226.2100001424551,116.0,151,176.7750005852431,109.0,133,122.81999936699867,94.0,128,204.4800020456314,95.0,152,167.46499849110842,114.0,127,294.7450002729893,104.0,156,171.13999950885773,112.0,152,176.96500051114708,114.0,150,161.06499994546175,111.0,126,314.00000004284084,116.0,131,294.0149981305003,107.0,159,169.36500015389174,114.0,150,183.52499978616834,108.0,155,258.7499993778765,118.0,137,277.9050011597574,115.0,144,263.3600021377206,114.0,133,294.7500018440187,108.0,130,261.85000001545995,104.0
155,214.64499823749065,120.0,129,296.60499764978886,113.0,153,245.28999895602465,119.0,145,172.405001424253,109.0,148,229.6500007584691,117.0,136,204.00499895587564,106.0,144,221.97500016819686,118.0,152,223.5099983168766,113.0,145,117.14499935135245,103.0,134,229.1650006659329,100.0,158,125.04000143706799,112.0,131,267.86499923840165,104.0,154,125.3600011318922,107.0,161,178.46000043302774,120.0,151,128.40499894693494,111.0,128,272.0150001049042,116.0,137,227.64000000059605,105.0,163,128.01500095427036,112.0,151,143.82000135444105,107.0,159,227.27499966323376,120.0,137,228.86500055342913,110.0,146,168.94499946013093,108.0,142,259.46999975666404,109.0,137,272.5200017411262,110.0
153,183.9550013281405,115.0,135,338.9049999602139,122.0,152,302.2900006622076,122.0,133,108.84500129520893,93.0,148,222.95000010635704,116.0,133,297.4149994701147,114.0,137,283.7350006774068,120.0,150,165.06499868258834,107.0,142,179.98500123620033,110.0,136,286.3549996474758,110.0,155,214.0250000283122,116.0,128,343.2649985961616,108.0,146,143.3150009959936,106.0,152,191.52500110957772,115.0,150,150.47999880090356,109.0,129,324.2250005658716,118.0,124,392.92500230297446,114.0,156,200.0049998164177,116.0,150,200.5449998676777,110.0,155,313.63499750196934,125.0,139,310.11500127986073,117.0,141,287.79499988257885,115.0,133,314.4700009897351,109.0,120,349.22000085841864,109.0
149,117.82000002264977,105.0,121,283.4050018452108,108.0,151,229.5150005891919,114.0,144,152.22499914467335,106.0,143,208.33000162430108,111.0,130,278.47500103060156,110.0,135,240.29499930888414,115.0,147,143.87499883025885,103.0,142,158.62999976985157,106.0,130,194.394999794662,96.0,154,157.24500087928027,111.0,118,256.8799998825416,91.0,144,124.905000269413,104.0,151,180.14999839290977,113.0,150,132.47999943047762,107.0,126,275.55499882251024,111.0,124,310.3649989021942,105.0,155,153.95000079274178,110.0,150,186.6700011640787,108.0,147,224.6349995136261,109.0,131,241.97499956190586,104.0,140,292.00499959662557,115.0,134,271.7599995210767,104.0,120,358.80000161752105,110.0
152,114.6750007905066,108.0,128,302.2450020108372,113.0,151,274.65500094834715,119.0,143,145.6700002234429,106.0,145,201.64500144682825,111.0,133,309.3849992211908,116.0,137,222.2350023277104,113.0,145,136.7149978503585,102.0,142,175.10499966423959,108.0,132,94.57500074803829,89.0,153,222.99499942734838,117.0,128,282.0600003451109,103.0,147,168.7949998229742,108.0,152,175.42500096559525,113.0,150,117.325000455603,106.0,126,286.3900006711483,113.0,126,368.4999991208315,112.0,157,164.41000019572675,112.0,149,215.4849987477064,111.0,150,226.64000003039837,112.0,134,255.21500135958195,107.0,141,292.6750010624528,115.0,132,300.2349993288517,105.0,120,356.2149987472221,109.0
153,155.4050017595291,111.0,125,306.45999892801046,113.0,150,260.96500163152814,117.0,143,192.2250008629635,109.0,143,216.08999934233725,112.0,131,265.64500162843615,109.0,135,269.6749994941056,118.0,146,146.2049997150898,104.0,142,139.1300009181723,103.0,131,264.03999969456345,105.0,155,200.03499886021018,115.0,127,294.0750010237098,103.0,145,137.23499937355518,105.0,151,198.31000074744225,116.0,150,159.66500156372786,110.0,127,344.2549980953336,120.0,121,217.5050001386553,94.0,156,169.73500080406666,112.0,150,200.48000056296587,109.0,150,237.38500108849257,113.0,136,285.0550017254427,114.0,141,292.81500044837594,116.0,134,298.64000088721514,107.0,120,342.93499862216413,108.0
153,183.93000128865242,115.0,131,350.5700024291873,122.0,151,305.660000897944,123.0,141,248.580000477843,114.0,154,260.71499869413674,123.0,132,330.63999649882317,118.0,133,295.8049986073747,120.0,150,273.8500006496906,115.0,143,229.2100005056709,114.0,133,112.39000050723553,90.0,153,159.08999835699797,112.0,129,361.74500009790063,110.0,150,199.89000138640404,114.0,153,201.5100018531084,118.0,150,157.6750025190413,110.0,127,351.3049984816462,122.0,126,257.96500168181956,101.0,157,205.69500019587576,118.0,152,254.79499989189208,117.0,151,223.73499996494502,112.0,136,289.37499994784594,114.0,144,303.26000149641186,119.0,134,329.4300007550046,110.0,123,362.93999920692295,113.0
152,154.42500099539757,111.0,121,276.3950003273785,107.0,145,142.0999993160367,103.0,139,177.3949997127056,107.0,145,222.16500116419047,113.0,131,307.62500090897083,112.0,132,274.2050001770258,117.0,148,264.60500125586987,113.0,140,200.86999883223325,110.0,129,184.6000013910234,95.0,152,234.71499908715487,116.0,120,290.3650002107024,97.0,146,189.85999757237732,111.0,150,219.8899998795241,118.0,149,148.0149995163083,108.0,124,267.7050009891391,110.0,124,311.70500095933676,105.0,153,151.26000006496906,107.0,149,242.36499889940023,113.0,144,225.96000030636787,107.0,135,291.09500037133694,113.0,139,244.55500101298094,111.0,133,301.8699992746115,106.0,119,338.44499914348125,107.0
151,189.49499997124076,114.0,127,322.9299992583692,114.0,149,286.115000937134,120.0,142,176.52499969303608,107.0,146,256.75999941676855,118.0,131,296.6799996346235,111.0,131,242.2100001089275,114.0,150,256.7999988645315,113.0,141,261.8199994415045,115.0,133,215.7499990016222,97.0,151,202.00500066578388,115.0,128,342.08999825641513,108.0,152,204.10000055190176,114.0,152,171.80500008165836,113.0,149,156.99999917671084,110.0,125,324.3500019684434,118.0,125,400.4649974182248,115.0,158,205.4700000397861,118.0,149,240.30499951541424,113.0,145,223.8449985962361,106.0,129,200.81500135362148,99.0,136,212.880001693964,104.0,133,201.56500142998993,100.0,121,315.2749995626509,106.0
152,261.0999998450279,120.0,127,364.89499907009304,116.0,151,327.3799998704344,123.0,139,213.94499968737364,109.0,139,204.79500173870474,108.0,125,137.1249994598329,89.0,136,245.81500022113323,115.0,152,281.35499997623265,115.0,139,218.5099992537871,110.0,130,250.52999970689416,100.0,153,203.40500148758292,115.0,127,377.2700013983995,109.0,151,226.7949982509017,116.0,152,191.15000040084124,115.0,148,68.32499866373837,101.0,122,321.31499992869794,115.0,124,313.5799998547882,107.0,158,163.71999974362552,113.0,152,323.0699980892241,121.0,150,270.2649993048981,115.0,134,280.614997648634,112.0,138,302.0150014348328,116.0,135,356.9149995073676,111.0,123,350.18500220030546,109.0
153,202.9549997858703,114.0,127,377.289999011904,119.0,153,196.52000096440315,112.0,139,263.5699996650219,115.0,144,259.04499818198383,116.0,132,318.90500070899725,114.0,137,248.56499929726124,116.0,152,252.7550002420321,113.0,140,185.83000120520592,107.0,130,105.35000025480986,88.0,153,234.60499865747988,117.0,125,397.289998549968,111.0,152,209.41000173985958,115.0,149,107.85999989509583,103.0,148,154.16500077582896,111.0,120,301.2900026636198,113.0,123,343.3800016120076,111.0,159,141.4100010553375,111.0,150,264.15499947965145,114.0,154,353.14999871328473,128.0,131,239.33499993383884,104.0,138,282.4100001305342,114.0,135,315.39499939233065,109.0,124,346.94999910146,110.0
151,118.49999933782965,106.0,128,339.6499985959381,116.0,150,91.08499946817756,100.0,140,214.1800009291619,111.0,141,153.31999950110912,104.0,131,281.4200016995892,110.0,139,230.8250000104308,114.0,151,171.36999955307692,107.0,142,199.54500047117472,108.0,126,200.8750000745058,95.0,147,150.75499975588173,108.0,117,276.1549989739433,95.0,150,141.74999949336052,106.0,152,146.16499961167574,110.0,148,143.5449988115579,110.0,123,323.7749988147989,117.0,129,307.57500178925693,109.0,158,185.71499998681247,116.0,148,144.64499935507774,102.0,144,217.24000037275255,103.0,135,261.58000050857663,111.0,141,296.7450011000037,117.0,132,229.70500168204308,102.0,121,342.26499991863966,109.0
153,155.43999984115362,111.0,130,346.48500013072044,116.0,153,302.4100017892197,123.0,140,252.99499959498644,114.0,142,267.69999899715185,117.0,131,299.39999805018306,112.0,137,275.9250004775822,118.0,150,235.93999930471182,111.0,140,199.434998460114,107.0,122,250.10999968647957,98.0,149,219.63999971747398,115.0,123,370.5200016386807,108.0,151,178.20500074885786,110.0,150,128.529999691993,106.0,151,155.6699988245964,114.0,121,337.9850012594834,118.0,127,344.6600000038743,112.0,159,204.84499992989004,118.0,147,169.1899996260181,104.0,153,331.8749999254942,123.0,134,265.73500122874975,110.0,138,302.5350020080805,117.0,133,336.6150018796325,110.0,124,362.4200006611645,112.0
150,49.434999257326126,97.0,125,295.08500003255904,107.0,139,96.4050006242469,93.0,130,120.4950001835823,94.0,140,166.5400012480095,105.0,115,103.05500048398972,76.0,135,240.70500010997057,115.0,147,77.12500124424696,94.0,123,73.66000095009804,77.0,122,110.5199996009469,86.0,146,106.6149995373562,100.0,109,183.15500025451183,80.0,149,122.05999822169542,103.0,145,52.080000303685665,95.0,140,8.71999990940094,88.0,121,218.56000009644777,104.0,125,203.77499996684492,98.0,152,108.17999989166856,100.0,145,79.46499989926815,94.0,147,234.2950009405613,107.0,125,104.10000038146973,86.0,132,167.335000641644,98.0,125,129.0350006520748,87.0,123,244.3450004067272,99.0
154,132.32000118121505,109.0,132,374.01000052690506,120.0,150,314.2399985389784,123.0,141,225.26999859511852,111.0,141,240.26000093203038,114.0,132,309.6449985783547,113.0,135,239.9550007050857,115.0,151,261.439997183159,113.0,140,211.60500063747168,109.0,123,283.2700001327321,103.0,151,214.08999852277339,115.0,122,377.7199976174161,109.0,151,216.13000068906695,115.0,154,172.09000081568956,113.0,148,119.18999975733459,107.0,122,343.9550022855401,119.0,125,333.259999062866,110.0,159,193.2599993404001,116.0,148,243.37500135600567,111.0,153,334.534999249503,123.0,134,273.22499983757734,112.0,137,244.7099994570017,111.0,132,189.6799997361377,98.0,125,353.87500192038715,111.0
153,161.35000033676624,111.0,121,257.405000327155,105.0,149,197.15500102378428,110.0,130,136.08999828249216,99.0,139,161.08500109612942,103.0,127,175.585000872612,96.0,135,200.3500006198883,110.0,150,182.80499902367592,107.0,137,231.3199997842312,108.0,118,262.62999983504415,97.0,145,162.9949985994026,106.0,118,312.6350035816431,100.0,146,113.58000001311302,100.0,141,43.41999925673008,90.0,148,83.35499976947904,103.0,117,302.2000013664365,111.0,125,264.99499928765,104.0,157,204.1500023677945,116.0,140,83.9800004735589,90.0,146,256.60499808192253,109.0,127,177.90000049769878,98.0,133,242.9650011220947,108.0,130,315.5349980816245,106.0,118,281.7899991227314,101.0
150,235.11499986052513,116.0,118,255.735000744462,104.0,146,211.11499915271997,110.0,134,172.27500028908253,105.0,138,248.31999977305532,111.0,129,299.7450016653165,109.0,134,286.1999990083277,117.0,137,70.46000034920871,84.0,131,264.3349987268448,110.0,114,305.2450011577457,101.0,146,194.43499987013638,110.0,119,333.1900001652539,102.0,146,176.38000106811523,107.0,152,229.24999985843897,117.0,148,96.24999997392297,104.0,113,378.30500058829784,119.0,121,314.16000114381313,106.0,154,191.7649982655421,113.0,146,188.38000297546387,103.0,136,233.3900022022426,98.0,126,256.25999945029616,104.0,134,269.05500247329473,110.0,130,338.2450003940612,107.0,116,361.95500139147043,108.0
153,131.6899993941188,109.0,124,314.8099992014468,108.0,152,250.1100018210709,118.0,140,225.30499923974276,111.0,140,218.31000347808003,109.0,129,170.25499964877963,97.0,137,208.10999946016818,111.0,143,69.48000063281506,90.0,140,218.9649996459484,108.0,121,250.30499924719334,97.0,149,186.3050004541874,112.0,122,313.71999858133495,102.0,146,118.3549996893853,102.0,147,61.630000004544854,97.0,148,153.424998620525,111.0,118,339.8200018052012,117.0,125,252.26999824494123,103.0,138,90.63500064611435,87.0,148,212.76999828219414,108.0,153,289.8650010153651,119.0,125,114.87999949231744,88.0,135,291.1949994266033,114.0,132,259.62499890103936,103.0,121,340.18999943882227,108.0
150,179.3049980867654,111.0,117,324.7200006060302,107.0,131,90.23500048555434,86.0,134,236.16500091645867,110.0,135,125.79500041902065,96.0,123,170.15500214044005,91.0,133,177.88500126078725,106.0,146,109.02499862015247,97.0,134,206.90999969094992,104.0,116,142.09499990940094,88.0,133,61.200000051409006,86.0,112,277.92999920248985,90.0,145,200.01500040479004,110.0,147,147.97500003688037,104.0,148,149.04000093508512,109.0,112,305.57999829389155,110.0,121,224.2249999064952,98.0,153,163.81499884463847,109.0,146,211.41999808698893,106.0,140,268.5799987334758,105.0,127,258.7550010383129,104.0,131,255.21000151336193,107.0,129,223.96999924629927,99.0,117,269.1499990783632,99.0
154,151.5499994326383,111.0,125,316.06000043824315,109.0,154,271.18499939516187,120.0,141,241.18499964475632,113.0,142,263.29499892145395,117.0,133,311.4199991328642,114.0,135,257.4499991349876,117.0,151,157.67999983392656,106.0,136,143.71000092476606,98.0,125,249.53499987721443,99.0,147,160.72000054456294,109.0,122,306.01000109221786,103.0,151,187.03999889642,112.0,154,166.16000020503998,113.0,148,125.59000129252672,108.0,122,319.7200007857755,116.0,128,323.84500021114945,110.0,159,179.20000014267862,115.0,145,81.960000410676,95.0,155,277.15499809384346,119.0,135,267.0850018002093,112.0,142,295.5349973477423,117.0,133,293.82000146992505,106.0,125,337.62999817728996,109.0
150,162.07000040262938,110.0,118,355.8099988847971,109.0,146,270.5249983333051,117.0,134,226.2950001731515,109.0,138,279.269999910146,116.0,130,325.9599993340671,112.0,133,270.69500144198537,116.0,150,266.394997689873,112.0,135,182.91500013694167,102.0,119,264.21500085294247,97.0,147,174.77499869279563,108.0,118,336.99499918334186,103.0,144,176.62499944120646,107.0,153,216.83000037819147,116.0,147,166.71999970823526,111.0,113,376.3749997485429,119.0,120,372.62500001117587,111.0,154,217.38000057823956,116.0,146,197.2000004015863,105.0,146,280.89000135846436,111.0,129,291.48000061605126,109.0,133,271.8549999445677,111.0,129,285.80999751761556,103.0,116,359.58999989181757,108.0
